name	pool	seq	size	%gc	tm (use 65)
primer_1_LEFT	1	CTGATGATTCATGATAACTCGACGGA	26	42.31	61.22
primer_1_RIGHT	1	TGAGCACTCTAATTTCTTCAAAGTAACAG	29	34.48	60.87
primer_2_LEFT	2	GAATGAGTACAATCTAAATCCCTTAACGAG	30	36.67	60.92
primer_2_RIGHT	2	GTTTATGGTTGAGACTAGGACGGTATC	27	44.44	61.43
primer_3_LEFT	1	GGGATCGGAGTAATGATTAACAGGG	25	48.00	61.18
primer_3_RIGHT	1	GAATTAACCAGACAAATCGCTCCAC	25	44.00	61.05
primer_4_LEFT	2	GCTGGCACCTTATGAGAAATCAAAG	25	44.00	61.06
primer_4_RIGHT	2	GACCAACAATTGCAATGATCTATCCC	26	42.31	61.17
primer_5_LEFT	1	CACTGATGTATTCAACGAGTTCACAC	26	42.31	61.04
primer_5_RIGHT	1	TTAGTTACATGTTCCTTGACACTTTTCG	28	35.71	61.01
primer_6_LEFT	2	CGAAAAGTGTCAAGGAACATGTAACTAA	28	35.71	61.01
primer_6_RIGHT	2	CTCCGCTTATTGATATGCTTAAACTCAG	28	39.29	61.11
primer_7_LEFT	1	CGGACACGAGTTCTATCAGGTAAAG	25	48.00	61.33
primer_7_RIGHT	1	AGTTCTCATTTGAATATTTGCTACTACCAC	30	33.33	61.02
primer_8_LEFT	2	CTATTCTCAAACTTTAAATAGGTAGGACGG	30	36.67	60.68
primer_8_RIGHT	2	CTCTTAGGATCGACTAACCCATGTG	25	48.00	60.89
primer_9_LEFT	1	CAGTGCTCTGAATGTCAAAGTGAAG	25	44.00	60.93
primer_9_RIGHT	1	CTCATCTTAGGACACCTGCGTTATC	25	48.00	61.40
primer_10_LEFT	2	GACTTTGTGAAATGACTTGAGAGGTG	26	42.31	60.94
primer_10_RIGHT	2	GAATTCTGCTTCACAATGATAGGAAGAG	28	39.29	61.01
primer_11_LEFT	1	CTTTAGATCTTCGGAATTTGAAGCTAGAG	29	37.93	60.86
primer_11_RIGHT	1	TAAGTCGTCTGCAAAGGATTCTACC	25	44.00	61.00
